{"loss": [0.2673394978046417, 0.2402758002281189, 0.22204643487930298, 0.20879438519477844, 0.19523945450782776, 0.18416136503219604, 0.1737367957830429, 0.16423948109149933, 0.15573175251483917, 0.1483326405286789, 0.13761810958385468, 0.13050271570682526], "accuracy": [0.8875499963760376, 0.8986999988555908, 0.906499981880188, 0.9121999740600586, 0.9177500009536743, 0.9229999780654907, 0.9280499815940857, 0.9330000281333923, 0.9361500144004822, 0.9376000165939331, 0.9435999989509583, 0.9459499716758728], "f1_m": [0.8752322196960449, 0.8891491293907166, 0.8972710967063904, 0.9041013717651367, 0.9100730419158936, 0.9167630076408386, 0.9218651652336121, 0.9273505806922913, 0.9318212866783142, 0.9335002899169922, 0.9398407340049744, 0.9423463940620422], "precision_m": [0.9414620995521545, 0.9532307386398315, 0.9578258991241455, 0.960503339767456, 0.9647194147109985, 0.9657143354415894, 0.9691168665885925, 0.973459005355835, 0.9740597605705261, 0.9749366044998169, 0.9775267839431763, 0.9803351759910583], "recall_m": [0.8249223828315735, 0.8395982384681702, 0.8497669696807861, 0.859950602054596, 0.866780161857605, 0.8776199221611023, 0.8840320110321045, 0.890317976474762, 0.8974883556365967, 0.8993499875068665, 0.9087174534797668, 0.9108632802963257], "val_loss": [0.24898506700992584, 0.24305608868598938, 0.23830637335777283, 0.237434983253479, 0.2343587875366211, 0.23280282318592072, 0.23847946524620056, 0.22929078340530396, 0.22587306797504425, 0.23419201374053955, 0.24434199929237366, 0.23057837784290314], "val_accuracy": [0.8993750214576721, 0.8924999833106995, 0.8962500095367432, 0.8968750238418579, 0.901562511920929, 0.9053124785423279, 0.9018750190734863, 0.90625, 0.909375011920929, 0.9018750190734863, 0.901562511920929, 0.9118750095367432], "val_f1_m": [0.888313889503479, 0.8782972693443298, 0.8832966685295105, 0.8866703510284424, 0.8921254873275757, 0.8973162174224854, 0.8917815685272217, 0.8969497084617615, 0.9010632038116455, 0.8919330835342407, 0.8920902013778687, 0.9042356014251709], "val_precision_m": [0.9389427304267883, 0.9683217406272888, 0.9675137400627136, 0.9699056148529053, 0.9686809778213501, 0.9642318487167358, 0.9703391194343567, 0.9648866057395935, 0.9542591571807861, 0.9635961055755615, 0.9622045755386353, 0.956763744354248], "val_recall_m": [0.8495900630950928, 0.8098026514053345, 0.8179463148117065, 0.8222278356552124, 0.8310483694076538, 0.8445104956626892, 0.8297750949859619, 0.8447891473770142, 0.8584368228912354, 0.8366976380348206, 0.8366541862487793, 0.8622238039970398]}