{"loss": [5.735093593597412], "accuracy": [0.5008000135421753], "f1_m": [0.3841022849082947], "precision_m": [0.4926214814186096], "recall_m": [0.34565845131874084], "val_loss": [1.194863200187683], "val_accuracy": [0.48218750953674316], "val_f1_m": [0.3369702398777008], "val_precision_m": [0.46294456720352173], "val_recall_m": [0.2724502682685852]}