{"loss": [0.5672654509544373, 0.33762699365615845], "accuracy": [0.7330827116966248, 0.859649121761322], "f1_m": [0.3200920522212982, 0.697781503200531], "precision_m": [0.6655238270759583, 0.9372351765632629], "recall_m": [0.23972482979297638, 0.5727287530899048], "val_loss": [0.5291492342948914, 0.40807095170021057], "val_accuracy": [0.7011834383010864, 0.8136094808578491], "val_f1_m": [0.5305454134941101, 0.7742897272109985], "val_precision_m": [0.9536796808242798, 0.944444477558136], "val_recall_m": [0.38350439071655273, 0.6615211367607117]}