{"loss": [0.5854290723800659, 0.43555790185928345], "accuracy": [0.7418546080589294, 0.8182957172393799], "f1_m": [0.30463001132011414, 0.572368860244751], "precision_m": [0.5565078854560852, 0.8436191082000732], "recall_m": [0.22404518723487854, 0.46162301301956177], "val_loss": [0.5893185138702393, 0.5400826930999756], "val_accuracy": [0.6508875489234924, 0.7218934893608093], "val_f1_m": [0.4462044835090637, 0.5495056509971619], "val_precision_m": [0.8878788352012634, 0.9545454382896423], "val_recall_m": [0.30580398440361023, 0.39849454164505005]}