{"loss": [0.5641661286354065, 0.434510737657547], "accuracy": [0.7318295836448669, 0.8145363330841064], "f1_m": [0.2846435308456421, 0.5734363794326782], "precision_m": [0.6210952401161194, 0.8850157856941223], "recall_m": [0.20223742723464966, 0.4503248333930969], "val_loss": [0.5508849620819092, 0.5246895551681519], "val_accuracy": [0.6597633361816406, 0.6834319233894348], "val_f1_m": [0.47678765654563904, 0.5183517932891846], "val_precision_m": [0.8954545855522156, 1.0], "val_recall_m": [0.3371582329273224, 0.3593277335166931]}